Set,Nro,Filename,FoundByAPI,Title,Artist,SpotifyId,Valence,Arousal
1,53,1_053,1,The Stranger,James Horner,42cxGI452dmBWVdjdefkUC,-0.15,-0.7
2,73,2_073,1,Hirschfelder: Scales to America,David Hirschfelder,6Vrffbt1FVwsVm3IoqaO6G,0.4775,0.78
1,198,1_198,1,The New Ambassador,Jerry Goldsmith,3ZNSFAZ1Joi7pqkMomb2Yb,0.15,-0.2
1,354,1_354,1,Grizzly Man,Richard Thompson,,0.125,-0.2925
1,68,1_068,1,The Farm,Thomas Newman,30XPjUloKwMq0KaQhAB2cJ,0.4,-0.45
1,267,1_267,1,Main Titles,James Newton Howard,6LMO5HYYaFrPt6DUh7P2dp,-0.5,-0.1
1,123,1_123,1,The Battle,Gavin Greenaway,3AJIBxlIwidQfRFWbubGzf,-0.65,0.35
1,319,1_319,1,A Wedding Interrupted,Yo-Yo Ma,0cRYQy1Kf7QIg0I3a96HN3,-0.55,0.3
1,90,1_090,1,"Shallow Grave, Deep Depression",Simon Boswell,,0.0425,-0.5
1,199,1_199,0,Missä olen,Leevi Madetoja,,0.125,0.0425
1,286,1_286,1,The Fall,Jerry Goldsmith,5GFB9oASdt8DoF3teVOU1i,-0.4575,-0.6675
1,238,1_238,1,Through the Bamboo Forest,Yo-Yo Ma,5rcuh2Rj16fRgddYW6CuWG,-0.625,-0.0425
1,327,1_327,1,Sorrow,Yo-Yo Ma,2TNpKu6b26NAZSpCEsT2Rf,-0.4575,-0.0425
1,231,1_231,1,The Lair (Pt. II),Batman Returns Soundtrack/Danny Elfman,23CjxOfewI12NUJYA1mpfg,-0.75,-0.55
2,13,2_013,1,The Conspirators,John Williams,,-0.4525,0.525
2,70,2_070,1,Big Racket,Richard Thompson,,-0.74,-0.115
1,167,1_167,1,Dirty Money,Thomas Newman,0O0YjABWgrLbVpdPshLaBc,-0.4575,0.2075
1,272,1_272,1,Marianelli: The Living Sculptures Of Pemberley,English Chamber Orchestra,1tUCjdYuz3uByUGB4rnKgW,0.125,-0.9175
1,304,1_304,1,Uncle Frank,Christopher Young,,-0.7,0.2
2,59,2_059,1,Love Music,"Sinfonia of London, conducted by Muir Mathieson",1TUNj0y6W6oHQZE2xKHFj8,0.4225,0.3325
1,193,1_193,0,Prologue - JFK,John Williams,,0.25,0.0425
1,7,1_007,1,"Cleve and his Mule - Scherzo (From ""How The West Was Won"")",The City of Prague Philharmonic Orchestra,3qcGMnBOMfldUmazYExz8E,0.1,0.3
2,27,2_027,1,Oliver Learns the Hard Way,Rachel Portman,0kYHR83O3FAVjc94L481Cd,0.6875,0.77
1,42,1_042,1,Death Theme,Ennio Morricone,44i4j1IxbokCD98K4Cxa6n,0.2,-0.7
1,200,1_200,1,The Eternal Vow,Yo-Yo Ma,1tcRIidHvFbJ5JeNUidOU0,0.125,-0.5425
1,211,1_211,1,Spectres In The Fog,Hans Zimmer(한스 짐머),3UXgrPK7wtsBaJr1QKjz3G,-1.0,-0.2075
2,15,2_015,1,Zimmer: Dear Clarice,Anthony Hopkins,7aucGaATahSA01lWdltQvM,-0.6725,0.2825
1,101,1_101,1,Loft Conversion,Simon Boswell,,-0.625,-0.3325
1,48,1_048,1,The Farm,Thomas Newman,30XPjUloKwMq0KaQhAB2cJ,0.25,-0.7925
2,37,2_037,1,Flowers,Danny Elfman,5ITTcBNXEXhuMwUPOMG691,-0.0525,-0.28
2,41,2_041,1,"Hirschfelder: Tell Me a Story, Katharine",David Hirschfelder,3vpUKfIGw17TTIONPoZ5mW,0.5675,-0.2875
1,350,1_350,1,Koolen,Eric Serra,2Lfc3g44CsdfSXzRAlOXAq,0.125,-0.7075
1,25,1_025,1,Sandra's Theme,Danny Elfman,3mgold6ewwxg2DqI4m2Tqv,-0.1,-0.1
2,1,2_001,1,Armour Piercing Bullets,Michael Kamen,,-0.61,0.6825
1,155,1_155,1,Kelly,Elmer Bernstein,,-0.5,-0.5
1,77,1_077,1,"Overture (From ""Diary Of Anne Frank"")",The City of Prague Philharmonic Orchestra,,0.375,-0.1675
1,248,1_248,0,Tremolo,Tuomas Kantelinen,,-0.35,0.3
1,15,1_015,1,End Titles,Danny Elfman,1OTwyRrhVYJ5KRtgfow3K6,0.2075,-0.2075
1,8,1_008,1,Vray Dieu d'Amours,Barrington Pheloung,,0.0,0.05
1,223,1_223,1,"Parliament of Dreams, Pt. 3",Christopher Franke,,-0.875,0.2075
2,74,2_074,1,Hirschfelder: Letters to Katharine,David Hirschfelder,54pM9uuRGBiECmyY0CT2MG,0.34,0.5325
2,18,2_018,1,A Bomb In The Hotel,Eric Serra,,-0.26,0.5425
1,244,1_244,1,"Schubert Impromptu In A flat, D899 No.4",Wojciech Kilar,,0.0825,0.375
1,287,1_287,0,Shemeikan talon pihapiiri,Leevi Madetoja,,0.15,-0.65
2,78,2_078,0,Farewell,Yo-Yo Ma,,0.075,0.2175
2,35,2_035,1,"Main Theme (From ""Anastasia"")",The City of Prague Philharmonic Orchestra,1akN5YGt45UByJUrQImyaN,-0.1875,0.145
2,21,2_021,1,Donny,Elmer Bernstein,,0.75,0.6925
1,271,1_271,1,"Your Hands Are Cold (From ""Pride & Prejudice"" Soundtrack)",Jean-Yves Thibaudet,0kQHXy2WNRPbyfSMdhVs2z,0.2,-0.95
1,282,1_282,1,The Eternal Vow,Yo-Yo Ma,0P6wItO0fOHgthplqmIdKi,0.05,-0.75
1,50,1_050,1,Stronger Love,Gary B,7aNIlxQUvfJ5ZWex6N2GW9,0.2,-0.7
2,31,2_031,1,Ask Your Saint Who He's Killed,Academy of St. Martin in the Fields,30OtZ2yLOYcaZghxtwtvAP,0.005,-0.4525
2,105,2_105,1,Marianelli: Meryton Townhall,Jean-Yves Thibaudet,4StixlbjYJ3E28d9P74J1W,0.7525,0.8175
1,228,1_228,0,Battle Zone,Martin Kiszko,,-0.7925,-0.4575
1,235,1_235,1,Altobello,Nino Rota,,-0.6675,-0.2075
1,285,1_285,0,"Kokko lenti koillisesta, iskulintu ilman alta...",Leevi Madetoja,,-0.1675,-0.6675
2,46,2_046,1,Photos / Beautiful Dreamer,Danny Elfman,0OtMg3uFH35nJ7NlZ4h5ce,0.2025,-0.49
2,61,2_061,0,"Kokko lenti koillisesta, iskulintu ilman alta... Marja! Marketta! Minne nyt?",Leevi Madetoja,,0.195,0.2425
2,55,2_055,1,The Buffalo Hunt,John Barry,5JCGRjEWB1YLAWbNCmPs4n,0.51,0.5675
1,13,1_013,1,My Baby Cares for Me,Nina Simone,30rb2uIf7shDf2ck9sQG37,0.2075,0.2075
1,94,1_094,1,False Alarm,Ennio Morricone,6gzOAAQmSwVyGidf9wLDmt,-1.0,0.05
1,202,1_202,0,Alkusoitto,Leevi Madetoja,,0.1,0.35
1,356,1_356,1,Roger's Boat,Michael Kamen,,-0.05,-0.65
1,201,1_201,1,Ride to Fort Hays,John Barry,04izlTTLR32hTnmYwxleMB,0.125,-0.5
1,217,1_217,1,Armour Piercing Bullets,Michael Kamen,,-0.9175,0.375
1,341,1_341,1,The Diva Dance (Fifth Element 1997),Eric Serra,,-0.0425,-0.9575
2,19,2_019,1,Roger's Boat,Michael Kamen,,-0.105,-0.0425
1,311,1_311,1,The Escape from Fagin,Rachel Portman,282LH9yYNEhwwoLp52Ofpa,-0.55,0.05
1,46,1_046,1,Am I Not Merciful?,Gavin Greenaway,2dhGEqyRQaXVkmzcYicu7N,-0.2,-0.35
1,97,1_097,1,Abduction,Trevor Jones,,-0.55,0.25
1,2,1_002,1,Last Ride,Elmer Bernstein,,-0.0425,0.2925
1,351,1_351,1,"Crouching Tiger, Hidden Dragon",Tan Dun,5zO6zyBZd6zqdFBBDZKIds,-0.1675,-0.7925
1,56,1_056,1,Some Things Are Worth Dying For,Trevor Jones,,-0.4175,-0.5425
1,64,1_064,1,Viola's Audition (Instrumental),Nick Ingman,6a2Frn8yp91Rbw8phY9Uz1,0.4,-0.65
2,12,2_012,1,The Conspirators,John Williams,,-0.35,0.605
1,71,1_071,1,In the Tub,Danny Elfman,3YaMCslnNjQ4VPXseCWUxa,0.25,-0.85
1,289,1_289,1,Robbie's Bedside,James Newton Howard,4OArIdUVMN8qKHQbU2xPVM,0.45,-0.65
2,33,2_033,1,"Schubert String Quartet In D minor, D810",Wojciech Kilar,,-0.155,-0.63
2,57,2_057,1,Curtain Call (Instrumental),Nick Ingman,1DpoBHHIkBkNxKKlrWPynm,0.3925,0.6375
1,66,1_066,1,Dawn To Dusk; The Riderless Horse,James Horner,4SIq8XHZ6J5SKzeh7XcrHU,0.2075,-0.5825
2,81,2_081,0,"Kokko lenti koillisesta, iskulintu ilman alta...",Leevi Madetoja,,0.15,-0.4825
1,214,1_214,1,Bear Fight,Richard Thompson,,-0.95,0.3
1,308,1_308,1,The Motorcade,John Williams,6D1yCrOuRK85jtR45t7ES0,-0.7,0.35
2,100,2_100,1,Sam's Story,Elmer Bernstein,,-0.445,0.0225
1,149,1_149,1,Nixon's Walk (Instrumental),The London Metropolitan Orchestra,1CiCmFf59vSs40kHfN7NGN,0.125,-0.7075
2,94,2_094,1,The Rat Slice Quartet,Christopher Young,,-0.485,0.2525
1,275,1_275,1,Garrison Family Theme,John Williams,6nAhPJWikS62XwpN18IPWp,0.125,-0.875
1,331,1_331,1,Marianelli: The Secret Life Of Daydreams,Jean-Yves Thibaudet,550L06vJ98JRC0evMhoM42,0.4175,-0.6675
1,81,1_081,1,Road To Perdition,Thomas Newman,1ybtJbR4ARqmjl6dD2VtYU,0.375,-0.5825
1,74,1_074,1,Ness And His Family,Ennio Morricone,6aEb1P4mE9YQIfhhqzSPjo,0.375,-0.5
1,61,1_061,1,The Journey Home,Danny Elfman,2f83uQ1xery4UaW7EQ3Ywk,0.2,-0.55
1,222,1_222,1,Mondoshawan,Eric Serra,1gLy1WUyEpNm11rcD8qeBe,-0.875,-0.375
1,179,1_179,1,Headscarf (Instrumental),The London Metropolitan Orchestra,5LuNFMRHH2cHaULwHU9TWO,-0.25,-0.7
1,49,1_049,1,"MacDaddy / T, I'm Coming Home",Mark Isham,2wHrIPuuLAGpVucN0qgLMV,0.0425,-0.75
1,358,1_358,1,Looking For Johnny,Trevor Jones,,-0.2,-0.7
1,256,1_256,1,"Schubert String Quartet In D minor, D810",Wojciech Kilar,,0.15,0.2
1,158,1_158,1,Interzone Suite,Howard Shore,,-0.85,0.25
2,107,2_107,1,The Immigrant/Love Theme from the Godfather Part III,Nino Rota,,0.5225,-0.1975
2,85,2_085,1,Fagin's Loot,Rachel Portman,0cUCvmBpVT2YwFogjGiOkF,-0.115,-0.1675
1,254,1_254,1,On the Wisla,Zbigniew Preisner,1ByCcuE1S9KumNPpXAvQlS,0.0,0.25
1,339,1_339,1,The Love Theme,John Barry,6W8VPo0hGBHAdqd6rIX7bX,0.25,-0.65
1,100,1_100,1,Psycho,Bernard Herrmann,,-0.625,0.125
1,332,1_332,1,Theme from JFK,John Williams,,0.4175,-0.5825
1,324,1_324,1,The Storm,Wojciech Kilar,62kuUzVR18UXu2yHG3lgwk,-0.6675,-0.0825
1,190,1_190,1,Marianelli: Liz On Top Of The World,Jean-Yves Thibaudet,0VCpm5493uvozOlQqEiVcW,0.2925,-0.375
1,24,1_024,1,The Letters,James Horner,6b0uhsKlpbyGq3248y4nnN,0.2075,-0.6675
2,92,2_092,1,Mangalores,Eric Serra,7AkUWrT2fogZHxGx8jC2vh,-0.5025,0.4975
1,78,1_078,1,"Live In Hope (From ""Diary Of Anne Frank"")",The City of Prague Philharmonic Orchestra,,0.25,-0.5
1,132,1_132,1,The Murder,Bernard Herrmann,0wmlehjm28xRdFdHC9D5DZ,-0.6675,-0.25
1,72,1_072,1,Kelly,Elmer Bernstein,,0.2075,-0.375
1,59,1_059,1,"Rock Island, 1931",Thomas Newman,0ahHYr4FL6eJz8ttz1T8PB,0.05,-0.6
1,126,1_126,1,Futile Escape,James Horner,7wBhOLmtMKK70UlBbiX857,-0.8,0.2
1,220,1_220,0,Radiowaves,Éric Serra,,-0.9,-0.2
1,171,1_171,1,Band Of Brothers Suite One (Instrumental),The London Metropolitan Orchestra,7EhtFc6RCy6LdrlKfuAB0Z,-0.1675,-0.75
2,52,2_052,1,The Party on the Wisla,Zbigniew Preisner,6gpFUAGIAtjrDMG5Ow95MD,0.455,-0.0075
1,102,1_102,1,Patricide,Gavin Greenaway,0D3KrKjeJZ3cCTvvuxxJL1,-0.5425,-0.0425
2,28,2_028,1,Tim & The Bears,Richard Thompson,,0.6925,-0.1825
2,76,2_076,0,Marja! Sovitaan pois,Leevi Madetoja,,0.4025,-0.0175
1,209,1_209,1,Farewell,Yo-Yo Ma,2gVPotK9h922oiwpZXLauX,-0.125,-0.3325
2,97,2_097,1,Laugh Riot,Simon Boswell,,-0.53,0.3775
1,312,1_312,1,Zimmer: For A Small Stipend,The Lyndhurst Orchestra,2w1U1sH227Qf2k2Ic4awd8,-0.8,0.2
1,314,1_314,1,"The Batman Theme (From ""Batman"")",Danny Elfman,50csT5Qb2qOF7lHdDQ1Sbx,-0.4175,0.3325
2,53,2_053,1,Now We Are Free,Hans Zimmer,6Xd98kdpMqBICuduagimTi,0.5175,0.44
1,176,1_176,1,End Credits,Mark Isham,7jMZu3oWq8f54f6OUNHsCY,-0.5825,-0.4175
1,140,1_140,1,Nobody Knows Nobody / Priceless / Drive To Brighton Beach,Mark Isham,0kpJiEBqICDWAN2aB1pACq,-0.4,0.1
1,278,1_278,1,Marianelli: Darcy's Letter,English Chamber Orchestra,4Gdu01pgiJUyfFU14K8ftG,-0.05,-0.8
2,36,2_036,0,Girl of My Dreams (Saxophone version),Trevor Jones,,0.0325,-0.62
1,146,1_146,1,A Rescue Is Planned,James Horner,2W90tQXQQfJXCGIVgAT0vk,-0.5825,-0.0425
1,241,1_241,1,Sicilian Medley: Va Pensiero / Mazurka (Alla Siciliana) / Danza Tarantella,Nino Rota,,-0.2,0.45
1,335,1_335,1,"Dawn - From ""Pride & Prejudice"" Soundtrack",Dario Marianelli,7LRAg8a4Q5PrPHSGBfng22,0.45,-0.55
1,110,1_110,1,The Might Of Rome,Gavin Greenaway,5SeMnwUZvBneMZgwYHEUZz,-0.4575,0.3325
1,161,1_161,1,Spier's Speech (Instrumental),The London Metropolitan Orchestra,01TYlA7LbJfzj4bS6D7y0n,-0.2,-0.65
2,30,2_030,1,'Nostradamus' - Film Soundtrack - Love Theme,Sarah Eaton,,0.5,-0.39
2,60,2_060,1,Finding The Ship,James Newton Howard,4Z7uldxHW8AJYIqQmFjbYr,0.21,0.225
2,83,2_083,1,Underwater,Danny Elfman,3dvCFQxujKR4uEzx3NIx1I,0.35,-0.1275
1,38,1_038,1,Marion,Bernard Herrmann,,0.0425,-0.8325
1,281,1_281,1,Stands With a Fist Remembers,John Barry,3gDih22uhr1geFB4RNOo7C,-0.0825,-0.7925
1,107,1_107,1,"Main Title & Finale (From ""Dracula"")",The Philharmonia,3YIYXbvFKIL3GdqPiy22H9,-0.6675,-0.5425
2,44,2_044,1,Marianelli: The Secret Life Of Daydreams,Jean-Yves Thibaudet,550L06vJ98JRC0evMhoM42,0.595,-0.4475
1,52,1_052,1,Band Of Brothers Suite Two (Instrumental),The London Metropolitan Orchestra,3HsuGePtsXapInducQUZbB,0.15,-0.4
2,80,2_080,1,The Game,Rachel Portman,1RzwaMaO0VRdTVvKt5ShXO,0.22,0.445
2,68,2_068,1,Murder (In Four Parts),Thomas Newman,0wsqv174hjWO2YSoWkubIA,-0.6225,0.2575
1,323,1_323,1,Zimmer: Let My Home Be My Gallows,Anthony Hopkins,6inMG5yXaMXJBi75trsWi7,-0.5,-0.0825
2,22,2_022,1,Waltz To The Death,Danny Elfman,5ikIFBsZtIhqQCHFSlPUo2,0.64,0.8375
2,108,2_108,1,"Earth - From ""Gladiator"" Soundtrack",Hans Zimmer,3ATWPZ71m7zbSlmqXIrWxJ,0.2175,-0.5075
1,76,1_076,1,Jail,Elmer Bernstein,,0.35,-0.6
1,57,1_057,1,Reading Room,Thomas Newman,5J0Sp64oiLawZjFjt8PmAU,0.1,-0.8
1,300,1_300,1,Photos / Beautiful Dreamer,Danny Elfman,0OtMg3uFH35nJ7NlZ4h5ce,0.35,-0.2
1,70,1_070,1,Intersong,Howard Shore,,-0.0825,-0.5825
2,89,2_089,1,"Don Karol, Pt. 2",Zbigniew Preisner,0SDMCR1DyBU9JHt8JaNHEB,-0.1675,-0.4475
2,103,2_103,1,Badaboom,Eric Serra,62iNtrtuR1vvF6DKbj4Eon,0.2175,-0.115
1,152,1_152,1,Who Is Jackie Lemancyzk?,Elmer Bernstein,,-0.55,0.0
1,12,1_012,1,Hirschfelder: Moments of Genius,David Hirschfelder,1bYcOINFhg7jxT1s4i81ZL,0.05,0.45
1,33,1_033,1,Black Nights,Academy of St. Martin in the Fields,4YGM3ncLNEsomt5Q0433Wb,0.1675,-0.625
1,41,1_041,1,Jenny's Theme,Danny Elfman,4rmE8biW5PCAYbjI8UAIm3,-0.05,-0.6
1,35,1_035,1,The Passion,Barrington Pheloung,,0.125,-0.875
2,87,2_087,1,A Blind Eye,Thomas Newman,7p0ju9hO6OMi3HLklorf49,-0.1125,-0.3575
1,221,1_221,1,The Cenobites,Christopher Young,,-0.9,0.05
1,232,1_232,1,Selina Transforms (Pt. II),Batman Returns Soundtrack/Danny Elfman,4sNrQAZplEMYOtKfbReLTq,-0.75,0.125
1,207,1_207,0,Vieras! Vieras hoi!,Leevi Madetoja,,-0.1,0.05
1,55,1_055,1,Hirschfelder: As If There Was No Tomorrow,David Helfgott,0DB4b27M9p5TjzMVRoQXIR,0.15,-0.6
1,151,1_151,1,Shenanigans,Elmer Bernstein,,-0.2925,0.0425
2,34,2_034,1,Return to Spectre,Danny Elfman,6jCRw4EqWPYsBiDWNM69DT,-0.0375,-0.37
2,5,2_005,1,No Cash No Trash,Eric Serra,,-0.48,0.4575
1,99,1_099,1,"Suite (From ""Dracula, Prince of Darkness"")",The Philharmonia,03lamd4yNqzFWdoSnNHCX9,-0.5,-0.1
2,48,2_048,1,End Credits,Wojciech Kilar,4yaMIPhBkF1w6o9nnHiz0W,0.2125,-0.36
2,64,2_064,1,Plavalaguna,Eric Serra,21GEEHJ7ocnTzJ31lGMpWM,-0.4925,0.03
1,112,1_112,1,The Package,Bernard Herrmann,,-0.5,-0.5
1,298,1_298,1,Train Trip,Tuomas Kantelinen,,-0.375,-0.4175
1,205,1_205,1,Oliver Runs Away,Rachel Portman,70dR9LbeH5x3xZM9GkCVEN,-0.05,0.05
1,141,1_141,1,Frightened Sam,Elmer Bernstein,,-0.7075,0.0425
1,186,1_186,1,Schubert [Impromptu in G Flat],Wojciech Kilar,,0.35,-0.35
1,233,1_233,0,Kas! Se äskeinen mies!,Leevi Madetoja,,-0.7075,-0.2075
1,116,1_116,1,Zimmer: The Might of Rome,Gavin Greenaway(가빈 그리너웨이),2K9MfGAi7TNyWiHWGSsmxq,-0.35,-0.3
2,54,2_054,1,Marianelli: Liz On Top Of The World,Jean-Yves Thibaudet,0VCpm5493uvozOlQqEiVcW,0.415,-0.1975
2,91,2_091,1,Alien 3: Lento,Elliot Goldenthal,119ZXyJOGwKx6o8Z0noHtV,-0.3275,0.5225
1,255,1_255,1,Drummer's Salute,The Royal Scots Dragoon Guards,629wfl4JPdzYFhtILoMLxf,-0.4575,0.2075
2,77,2_077,1,Leo Getz To The Hockey Game,Michael Kamen,,0.3175,0.335
1,242,1_242,1,Foxes,Richard Thompson,,0.1675,0.4175
1,34,1_034,1,Headscarf (Instrumental),The London Metropolitan Orchestra,5LuNFMRHH2cHaULwHU9TWO,0.0425,-0.7075
1,318,1_318,1,Lakta Ligunai,Eric Serra,6cb1Y32CSv68dzhfpLhUfG,-0.5425,-0.2925
2,104,2_104,1,Yearning of the Sword,Yo-Yo Ma,5u3yYSvNJSpfKx7AGd5AjQ,0.2975,-0.3425
1,93,1_093,1,The World Is Breaking,Barrington Pheloung,,-0.6675,-0.4175
2,71,2_071,1,Victorious,Ennio Morricone,1EIcOlmHO15LgZFToY0PsZ,0.6125,0.66
2,6,2_006,1,The Encounter,Yo-Yo Ma,5ceUwvbTd7OgUKXX7qzOR4,-0.025,0.75
1,159,1_159,1,Shoot The Dead,Thomas Newman,6XNRn7nSfJW2PFRBxnJ3uO,-0.6675,0.2925
1,264,1_264,1,The Buffalo Hunt,John Barry,5JCGRjEWB1YLAWbNCmPs4n,0.2075,0.0
1,26,1_026,1,Kip's Lights,Gabriel Yared,4Ptj9sSwP9a2I6fwD8A2Iw,0.25,-0.6
1,175,1_175,1,The Plague,Barrington Pheloung,,-0.4175,-0.375
1,75,1_075,1,Reprise Of Love Theme,Barrington Pheloung,,0.25,-0.5
1,195,1_195,0,Vieras! Vieras hoi!,Leevi Madetoja,,0.1675,-0.0425
1,154,1_154,1,Writeman,Howard Shore,,-0.85,0.5
1,147,1_147,1,The Plot Thickens,Elmer Bernstein,,-0.0825,-0.5
1,127,1_127,1,The Battle,Gavin Greenaway,3AJIBxlIwidQfRFWbubGzf,-0.65,0.4
1,236,1_236,1,Leo Getz To The Hockey Game,Michael Kamen,,-0.625,-0.375
2,63,2_063,1,Photos / Beautiful Dreamer,Danny Elfman,0OtMg3uFH35nJ7NlZ4h5ce,-0.06,-0.26
1,143,1_143,1,Nothing Is True; Everything Is Permitted,Howard Shore,,-0.5,0.0
1,85,1_085,1,"Earth - From ""Gladiator"" Soundtrack",Hans Zimmer,3ATWPZ71m7zbSlmqXIrWxJ,0.2075,-0.6675
1,134,1_134,1,The Fight (Instrumental),Nick Ingman,0HThQqSByrT9FZ78GIbkJy,-0.4575,0.1675
2,9,2_009,1,The Strength Of The Righteous (Main Title) from The Untouchables (1987),Unknown,0c81PHmmIb7UnYGPOvww2L,-0.115,0.8275
2,16,2_016,1,Crack House Cacophony,Mark Isham,29H9nruRZ25OWPJqemFCvo,-0.1975,0.64
1,359,1_359,1,Waltz To The Death,Danny Elfman,5ikIFBsZtIhqQCHFSlPUo2,-0.1,-0.2
2,32,2_032,1,I Knew This Kid... / The Killing Ground,Mark Isham,7Hy877pYHdpE31AuN30Nie,-0.24,-0.3325
1,92,1_092,1,Prelude,Bernard Herrmann,,-0.6675,0.1675
1,122,1_122,1,Barbarian Horde,Gavin Greenaway,44K5Qkv19XmvA1xDskTHzO,-0.25,0.125
1,136,1_136,1,Rescue And Breakout,James Horner,5xZGJBQrDbZiUUVEpKt3H6,-0.4175,0.125
1,106,1_106,1,Nothing To Trade,Thomas Newman,1G3eBPe8d5QW8odWmZoMSo,-0.65,-0.55
2,25,2_025,1,Streets of London,David Snell,1QKhHrMqERKoLZtZel20Xl,0.6675,0.605
1,6,1_006,1,Shenanigans,Elmer Bernstein,,0.0,0.1
2,66,2_066,1,Hana's Curse,Academy of St. Martin in the Fields,64PSaStyZodywd6BIKWe85,-0.605,0.4625
1,342,1_342,1,Dominique's Arrest,Zbigniew Preisner,2W6ZEmOYkIcvLa2s3hu7hn,0.1,-0.5
2,49,2_049,0,Marja! Sovitaan pois,Leevi Madetoja,,0.65,0.0625
1,290,1_290,1,A Sad Message,Jerry Goldsmith,1zjfCWjupoITngjZYf8ZO4,-0.125,-0.625
1,307,1_307,1,Oliver Learns the Hard Way,Rachel Portman,0kYHR83O3FAVjc94L481Cd,-0.45,0.2
2,88,2_088,1,After the First Transaction,Zbigniew Preisner,7mS8qSFIBXwfmBGXlnjbdP,0.0075,-0.51
1,133,1_133,1,The Fight,Elmer Bernstein,0zhGeVbhXSPQxqn5uxAGxN,-0.75,0.1675
1,165,1_165,1,Destruction (Cape Fear/Soundtrack Version),Elmer Bernstein,4LomrBHpAGM4ZKORNYEwip,-0.875,0.0825
1,213,1_213,1,"Kitchen, Surgery, Face Off",Danny Elfman,0WD4mYaI8pjW595Jl8jYKp,-0.95,-0.05
1,119,1_119,1,Preparing For Patrol (Instrumental),The London Metropolitan Orchestra,7eoTqPm13IJuSVYDVu4EhJ,-0.4175,-0.625
1,51,1_051,1,Goodbye Dot,Elmer Bernstein,,0.35,-0.4
2,51,2_051,0,Missä olen,Leevi Madetoja,,0.575,0.0
1,226,1_226,1,Dracula- The Beginning,Wojciech Kilar,00De7REGurYkmfrKAh6CU1,-0.8,0.15
1,44,1_044,1,Patricide,Gavin Greenaway,0D3KrKjeJZ3cCTvvuxxJL1,-0.1,-0.7
1,208,1_208,1,Don't Fall Asleep,Zbigniew Preisner,3PiLlV4UJbRg6oeeTCDubU,-0.1,-0.25
1,183,1_183,1,Protect Life,Eric Serra,0ycWXH9X1orKLeJnlD0Jlf,0.375,-0.4175
1,348,1_348,1,The Eternal Vow,Yo-Yo Ma,1tcRIidHvFbJ5JeNUidOU0,0.05,-0.55
1,139,1_139,1,Alien: The Door,Jerry Goldsmith,1LoTPQFVCoEuHijHQ0DczF,-0.7925,0.25
1,355,1_355,1,Arlington,John Williams,,-0.4,-0.6
1,174,1_174,1,Hana's Curse,Academy of St. Martin in the Fields,64PSaStyZodywd6BIKWe85,-0.25,-0.25
1,120,1_120,1,I Have Seen Paradise,Barrington Pheloung,,-0.1,-0.6
2,24,2_024,1,"Street Scene (From ""How To Marry A Millionaire"")",The City of Prague Philharmonic Orchestra,3QcVEAF9peFroThj80UhtQ,0.74,0.9075
2,45,2_045,1,Oliver Learns the Hard Way,Rachel Portman,0kYHR83O3FAVjc94L481Cd,0.355,-0.395
1,182,1_182,1,The John Dunbar Theme,John Barry,1ghqlcFUP85h1Gxn4Oa2Kt,0.4,-0.55
1,252,1_252,1,To the South,Yo-Yo Ma,3Fk7r7n4eZiLGPFQB7IT0y,-0.25,0.25
2,58,2_058,1,Love Music,"Sinfonia of London, conducted by Muir Mathieson",1TUNj0y6W6oHQZE2xKHFj8,0.2575,-0.295
1,225,1_225,1,Roasted Dude,Danny Elfman,0mD72YaoQD3IdR7aaOh6km,-0.8,0.0
2,90,2_090,1,Sore Spots,Batman Returns Soundtrack/Danny Elfman,4LPhPUhNNwHoaZ8TGvAfl4,-0.1425,-0.3625
1,185,1_185,1,Train Trip,Tuomas Kantelinen,,0.375,-0.375
2,7,2_007,1,Birth of a Penguin (Pt. II),Batman Returns Soundtrack/Danny Elfman,1R9xzwkirC3WRcLngXKPgS,-0.2925,0.735
1,196,1_196,1,Mina/Dracula,Wojciech Kilar,,0.1675,-0.3325
1,105,1_105,1,Fin McGovern,Thomas Newman,6UyHDnHeofZ0BWZRHFfxp0,-0.9575,-0.0825
1,31,1_031,1,Ethne's Feather,James Horner,3YGFDELksw3F8eM0B0Edxe,0.0,-0.6675
1,150,1_150,1,The Arrival of Wessex (Instrumental),Nick Ingman,0RZnwzI8jqFDYRfRuq3SJt,-0.1,-0.6
1,229,1_229,1,They're Coming,James Newton Howard,0zlL0mNg3BmdPLanaFRWV1,-0.7925,0.0425
1,330,1_330,1,The Robbery,Rachel Portman,31nRng6fcDNHrhawqcQXu1,-0.375,-0.875
1,5,1_005,1,The Beginning of the Partnership,Nick Ingman,,0.375,0.0
1,137,1_137,1,I Knew This Kid... / The Killing Ground,Mark Isham,7Hy877pYHdpE31AuN30Nie,-0.65,-0.15
1,27,1_027,1,Grace and Mercy,Integrity Worship Musicians,06ovfuPa63ZXxukSr9deHR,-0.1,-0.2
2,98,2_098,1,Fadela's Coven,Howard Shore,,0.115,-0.055
2,47,2_047,1,Oliver Learns the Hard Way,Rachel Portman,0kYHR83O3FAVjc94L481Cd,0.5575,-0.1925
1,315,1_315,1,A Little Resistance,James Newton Howard,0irRiJNLPbDCJrvdik4FFO,-0.5,0.0825
2,4,2_004,1,Max,Elmer Bernstein,4fsdKDj2ONN8vTszskXQ42,-0.53,0.4375
1,109,1_109,1,"Murder in Mississippi, Pt. 1",Trevor Jones,,-0.7,-0.35
1,259,1_259,1,The end,Zbigniew Preisner,5uqE33WfYioEgzHHVMaykl,-0.25,0.1675
1,9,1_009,1,Band Of Brothers Suite Two (Instrumental),The London Metropolitan Orchestra,3HsuGePtsXapInducQUZbB,0.25,0.25
1,310,1_310,1,Red Warrior,Hans Zimmer(한스 짐머),6DPZdDkTOydyM40IXRi70Z,-0.2,0.3
1,206,1_206,1,Finale,Danny Elfman,0KRVTyHMryzFllioVmdKcQ,-0.05,0.3
1,88,1_088,1,Sandra's Theme,Danny Elfman,3mgold6ewwxg2DqI4m2Tqv,0.2,-0.7
1,291,1_291,1,Mina Hinoo,Eric Serra,4fMXCy0AvoXP5eACdQRAUh,0.0,-0.625
2,39,2_039,1,A Plague on Both Your Houses (Instrumental),Nick Ingman,0kn66Q41zAgcYPKOfUtj4n,0.2975,-0.48
2,62,2_062,1,The Brawl (Instrumental),Nick Ingman,1C1VbtILZ2267QTQBBF29k,-0.38,0.145
1,194,1_194,1,Kiss,Wojciech Kilar,,0.2075,-0.5425
2,95,2_095,1,The Murder,Rachel Portman,2squzU7vwZfFbCQf6NyShd,-0.4975,0.32
1,164,1_164,1,Welcome to Annexia,Howard Shore,,-0.7,-0.15
1,95,1_095,1,The Boys Hide The Gun / Nicky Comes Clean,Mark Isham,5EG2LL6h0aM1io3UH0QCIK,-0.65,0.1
2,2,2_002,1,The Fight,Elmer Bernstein,,-0.625,0.8025
1,181,1_181,1,Photos / Beautiful Dreamer,Danny Elfman,0OtMg3uFH35nJ7NlZ4h5ce,0.4,-0.4
2,14,2_014,1,Alien: The Droid,Jerry Goldsmith,3byNU38Y2ePxxqxLv9kwmU,-0.6725,0.62
2,109,2_109,1,Marianelli: Darcy's Letter,English Chamber Orchestra,4Gdu01pgiJUyfFU14K8ftG,0.0925,-0.68
1,145,1_145,1,The Brawl (Instrumental),Nick Ingman,1C1VbtILZ2267QTQBBF29k,-0.5,-0.3325
1,82,1_082,1,Road To Perdition,Thomas Newman,1ybtJbR4ARqmjl6dD2VtYU,0.375,-0.5425
1,129,1_129,1,Dawn To Dusk; The Riderless Horse,James Horner,4SIq8XHZ6J5SKzeh7XcrHU,-0.55,0.05
2,69,2_069,1,Reunion,Christopher Young,,-0.66,0.5225
1,47,1_047,1,Return to Spectre,Danny Elfman,6jCRw4EqWPYsBiDWNM69DT,0.0,-0.5
1,184,1_184,0,Angels and Warriors,Martin Kiszko,,0.375,-0.3325
1,338,1_338,1,Lorna - Quiet Evening By The Fire,Michael Kamen,,0.2075,-0.5825
1,89,1_089,1,Simpatico - Misterioso (Naked Lunch ),Howard Shore,13okIKNnX12jDKp7hkAsHU,-0.0425,-0.7925
1,166,1_166,1,The End (Cape Fear/Soundtrack Version),Elmer Bernstein,2fnfaQTvaCS7eNA9DwtKdw,-0.7,-0.5
1,83,1_083,1,The Journey Home,Danny Elfman,2f83uQ1xery4UaW7EQ3Ywk,0.25,-0.1675
1,153,1_153,1,Ballad/Joan,Howard Shore,,-0.2925,-0.3325
1,63,1_063,1,Love On A Washing Machine,Mark Isham,3sSsY8qzHBn1uUDW9piqqM,0.2075,-0.75
1,148,1_148,1,"Lexington Hotel, Room 1432",Thomas Newman,1JZsYADzr3VHUQysKS6xZo,-0.375,-0.0825
2,40,2_040,1,Kip's Lights,Gabriel Yared,4Ptj9sSwP9a2I6fwD8A2Iw,0.145,-0.3325
1,345,1_345,1,"Crouching Tiger, Hidden Dragon",Tan Dun,5zO6zyBZd6zqdFBBDZKIds,0.05,-0.8
1,17,1_017,1,Wessex Loses a Bride (Instrumental),Nick Ingman,1QEKxYIYBJQrJ0HAR9SMh9,0.1675,-0.125
1,216,1_216,1,The Death of David Ferrie,John Williams,,-0.95,-0.15
1,19,1_019,1,The Growing Montage,Danny Elfman,3OuJqMg6QvtGOfwMq7rwUD,0.0,0.2075
1,302,1_302,1,The Demise of Mrs. Baylock,Jerry Goldsmith,28EbsK1OaE6OShc6Fs4Zf5,-1.0,0.1675
1,60,1_060,1,Hirschfelder: Goodnight Daddy,David Helfgott,1ImbUyYYX0q4DA7gaIeQQO,0.1675,-0.375
1,23,1_023,1,Pictures,Danny Elfman,06FJKYs7ai1DdYiwogQfyp,0.2075,-0.5425
1,268,1_268,0,Saunaan. Mene toki jo!,Leevi Madetoja,,-0.1675,-0.1675
2,23,2_023,1,Strip The Willow,John Camichael Band,,0.8175,0.885
1,322,1_322,1,Marianelli: Darcy's Letter,English Chamber Orchestra,4Gdu01pgiJUyfFU14K8ftG,-0.1,0.1
2,29,2_029,1,Flowers of Firenze,Wojciech Kilar,,0.5325,-0.35
2,42,2_042,1,"Dawn - From ""Pride & Prejudice"" Soundtrack",Dario Marianelli,7LRAg8a4Q5PrPHSGBfng22,0.6625,-0.26
2,26,2_026,1,Safari Park,Jerry Goldsmith,69BKdxUQYXeN17lflaHhVd,0.475,0.0625
1,91,1_091,1,"True Grit / ""Get Down!""",Mark Isham,,-0.9575,-0.125
1,347,1_347,1,The Eternal Vow,Yo-Yo Ma,0P6wItO0fOHgthplqmIdKi,-0.2,-0.65
1,336,1_336,1,Kicking Bird's Gift (Album Version),John Barry,4IHiFF9GwkGbDkCzN3t3kg,0.4,-0.4
1,128,1_128,1,Escape,James Horner,66kjmXZ7DrvsosPAq8hZUh,-0.5425,0.25
2,96,2_096,1,Dawn To Dusk; The Riderless Horse,James Horner,4SIq8XHZ6J5SKzeh7XcrHU,-0.3425,0.135
1,279,1_279,1,Surrendering,Tuomas Kantelinen,,0.1,-0.8
1,247,1_247,0,No kuinka on asiat?,Leevi Madetoja,,-0.3,0.3
2,65,2_065,1,Return to Spectre,Danny Elfman,6jCRw4EqWPYsBiDWNM69DT,-0.2325,0.01
1,337,1_337,1,Garrison Family Theme,John Williams,6nAhPJWikS62XwpN18IPWp,0.45,-0.35
2,11,2_011,1,Selina Transforms (Pt. I),Batman Returns Soundtrack/Danny Elfman,6ae3GGA3EgGGL5xbxYS6l5,-0.655,0.345
1,43,1_043,1,Preparing For Patrol (Instrumental),The London Metropolitan Orchestra,7eoTqPm13IJuSVYDVu4EhJ,0.0,-0.6
1,251,1_251,1,The Diva Dance (Fifth Element 1997),Eric Serra,,-0.65,0.25
1,284,1_284,0,Twilight Cellos,Wojciech Kilar,,0.05,-0.7
2,102,2_102,1,In Viola's Room (Instrumental),Nick Ingman,09a5cULcFqMI9oochnctr0,0.2525,-0.01
1,243,1_243,1,Batman vs. The Circus,Batman Returns Soundtrack/Danny Elfman,3qG7MYlKee5Jrtfd01aqX2,-0.5825,0.4175
2,93,2_093,1,"Chrysalis, Pt. 3",Christopher Franke,,-0.635,0.5625
2,43,2_043,1,Ride to Fort Hays,John Barry,04izlTTLR32hTnmYwxleMB,0.61,-0.3175
1,301,1_301,1,Red Warrior,Hans Zimmer(한스 짐머),6DPZdDkTOydyM40IXRi70Z,-0.75,0.35
1,305,1_305,1,The Motorcade,John Williams,6D1yCrOuRK85jtR45t7ES0,-0.7925,0.0425
1,96,1_096,1,Rape And Hospital (Cape Fear/Soundtrack Version),Elmer Bernstein,6dOqGnulWi6UiDuvZNA2Dx,-0.5425,-0.0825
1,65,1_065,1,Road To Perdition,Thomas Newman,1ybtJbR4ARqmjl6dD2VtYU,0.35,-0.45
1,352,1_352,1,Leeloominai,Eric Serra,3XQHBNceAI6VUYWjSb3Tgz,0.1,-0.6
1,111,1_111,1,Max,Elmer Bernstein,4fsdKDj2ONN8vTszskXQ42,-0.75,0.05
1,258,1_258,0,Slipstreams,Martin Kiszko,,0.1,0.2
1,138,1_138,1,Houseboat (Cape Fear/Soundtrack Version),Elmer Bernstein,0QFEgoUfv7wGisDhqfDJZ7,-0.65,0.2
1,328,1_328,1,Bloodmare,Trevor Jones,,-0.65,-0.25
1,257,1_257,1,Night Fight,Tan Dun,2AlZMciIbBmffJYDPjoLYO,-0.35,0.2
1,118,1_118,1,The Mission Begins (Instrumental),The London Metropolitan Orchestra,2WWSHQ15BKC0R81LNGLJ2G,-0.35,-0.75
1,317,1_317,1,Nightmare,Trevor Jones,,-0.5,-0.375
1,135,1_135,1,The Inquisition,Barrington Pheloung,,-0.75,-0.2075
1,303,1_303,1,In Love’s Name,Christopher Young,,-1.0,-0.0825
2,99,2_099,1,The Brides,Wojciech Kilar,6C8c7eCIHUUN8eSfFov2tC,-0.21,0.055
1,144,1_144,1,Frightened Sam,Elmer Bernstein,,-0.8325,-0.0825
1,344,1_344,1,Surrendering,Tuomas Kantelinen,,0.1,-0.7
1,263,1_263,1,Marianelli: Meryton Townhall,Jean-Yves Thibaudet,4StixlbjYJ3E28d9P74J1W,-0.1675,0.0825
2,110,2_110,1,Pictures,Danny Elfman,06FJKYs7ai1DdYiwogQfyp,0.4375,-0.275
1,80,1_080,1,The Family History,Barrington Pheloung,,0.125,-0.375
1,131,1_131,1,Hirschfelder: Your Father Your Family,David Helfgott,62cyY6WsINdng9V2S6tDBM,-0.65,0.0
1,172,1_172,1,Dirty Money,Thomas Newman,0O0YjABWgrLbVpdPshLaBc,0.25,0.25
1,212,1_212,1,Selina Transforms (Pt. I),Batman Returns Soundtrack/Danny Elfman,6ae3GGA3EgGGL5xbxYS6l5,-0.9575,0.1675
2,79,2_079,1,"Kitchen, Surgery, Face Off",Danny Elfman,0WD4mYaI8pjW595Jl8jYKp,0.5625,0.78
2,84,2_084,1,Dominique's Arrest,Zbigniew Preisner,2W6ZEmOYkIcvLa2s3hu7hn,0.0475,-0.5025
1,69,1_069,1,A Coward No Longer,James Horner,7HCVQPjwuuMYRJ8YLie7zi,0.1,-0.3
1,103,1_103,1,On The Rooftops,Ennio Morricone,3PE7cvIH25Z9CBqAgJkSI7,-0.65,0.25
2,56,2_056,1,"Street Scene (From ""How To Marry A Millionaire"")",The City of Prague Philharmonic Orchestra,3QcVEAF9peFroThj80UhtQ,0.4175,0.4375
1,87,1_087,1,A Retreat,Gabriel Yared,0oViIoYMuyUqep4yG4a29F,-0.05,-0.7
1,224,1_224,1,Casey Goes Down,James Newton Howard,52cqnmgPw5DQwot6Un9Pxm,-0.85,-0.1
1,73,1_073,1,"Zorro Theme / Madrid / Lolita / Finale (From ""The Mark of Zorro"")",The City of Prague Philharmonic Orchestra,7HfaApNNLzXwcMhf6FBjJQ,0.3,-0.45
1,326,1_326,1,The Altar,Jerry Goldsmith,43QCPxy2Hnj8a1d11soiJv,-0.85,0.25
1,277,1_277,1,A Way of Life,The Last Samurai,6DHYWelHYuynVVPv2m58wl,0.05,-0.8
1,108,1_108,1,Rape And Hospital (Cape Fear/Soundtrack Version),Elmer Bernstein,6dOqGnulWi6UiDuvZNA2Dx,-0.875,-0.0425
1,14,1_014,1,Hirschfelder: Scales to America,David Hirschfelder,6Vrffbt1FVwsVm3IoqaO6G,0.05,0.25
2,8,2_008,1,"Persecution / Finale (From ""Diary Of Anne Frank"")",The City of Prague Philharmonic Orchestra,,-0.25,0.3025
1,245,1_245,1,Cat Suite,Batman Returns Soundtrack/Danny Elfman,5Z3rmOueRIOeC4Om4XynFE,-0.4575,0.375
2,106,2_106,1,Lorna - Quiet Evening By The Fire,Michael Kamen,,0.5925,-0.3175
1,67,1_067,1,Band Of Brothers Suite Two (Instrumental),The London Metropolitan Orchestra,3HsuGePtsXapInducQUZbB,0.375,-0.4175
1,197,1_197,0,Leaving Sweden,Tuomas Kantelinen,,0.1675,-0.75
1,203,1_203,1,Coyotes,Don Edwards,6XNGY2L8NKjOPYUORFWPiI,0.0425,0.0425
1,84,1_084,1,Leaving Spectre,Danny Elfman,2szl0qFgsCU4I2m0nGNJQY,0.0425,-0.7925
1,142,1_142,0,Rescue and Breakout,James Horner,,-0.4575,0.25
2,38,2_038,1,Love Remembered (Album Version),Anton Coppola,4PmjolpLqJ9G14l2ORO06x,-0.0675,-0.5525
2,3,2_003,1,Futile Escape,James Horner,7wBhOLmtMKK70UlBbiX857,-0.52,0.8025
1,28,1_028,1,Rupert Bear,"Academy of St. Martin in the Fields, Gabriel Yared",,0.2925,-0.375
2,50,2_050,1,The Road to the Workhouse,Rachel Portman,5BfgyjhSObwav4Oi37s8BD,0.1925,-0.4325
2,20,2_020,1,"Street Scene (From ""How To Marry A Millionaire"")",The City of Prague Philharmonic Orchestra,3QcVEAF9peFroThj80UhtQ,-0.105,0.8325
1,86,1_086,1,Hirschfelder: Letters to Katharine,David Hirschfelder,54pM9uuRGBiECmyY0CT2MG,0.2,-0.4
1,130,1_130,1,"Lexington Hotel, Room 1432",Thomas Newman,1JZsYADzr3VHUQysKS6xZo,-0.6,0.05
1,249,1_249,1,Motaba River Valley,James Newton Howard,,-0.25,0.3
1,169,1_169,1,Rescue And Breakout,James Horner,5xZGJBQrDbZiUUVEpKt3H6,-0.7,0.25
1,121,1_121,1,The Fight,Elmer Bernstein,,-0.625,0.0425
